1,avatar_url_1,2022-08-14,email1,user1,userovich1,1
2,avatar_url_2,2022-08-14,email2,user2,userovich2,2
3,avatar_url_3,2022-08-14,email3,user3,userovich3,3
4,avatar_url_4,2022-08-14,email4,user4,userovich4,4
5,avatar_url_5,2022-08-14,email5,user5,userovich5,5
6,avatar_url_6,2022-08-14,email6,user6,userovich6,6
7,avatar_url_7,2022-08-14,email7,user7,userovich7,7
8,avatar_url_8,2022-08-14,email8,user8,userovich8,8
9,avatar_url_9,2022-08-14,email9,user9,userovich9,9
10,avatar_url_10,2022-08-14,email10,user10,userovich10,10
11,avatar_url_11,2022-08-14,email11,user11,userovich11,11
12,avatar_url_12,2022-08-14,email12,user12,userovich12,12
13,avatar_url_13,2022-08-14,email13,user13,userovich13,13
14,avatar_url_14,2022-08-14,email14,user14,userovich14,14
15,avatar_url_15,2022-08-14,email15,user15,userovich15,15
16,avatar_url_16,2022-08-14,email16,user16,userovich16,16
17,avatar_url_17,2022-08-14,email17,user17,userovich17,17
18,avatar_url_18,2022-08-14,email18,user18,userovich18,18
19,avatar_url_19,2022-08-14,email19,user19,userovich19,19
20,avatar_url_20,2022-08-14,email20,user20,userovich20,20
21,avatar_url_21,2022-08-14,email21,user21,userovich21,21
22,avatar_url_22,2022-08-14,email22,user22,userovich22,22
23,avatar_url_23,2022-08-14,email23,user23,userovich23,23
24,avatar_url_24,2022-08-14,email24,user24,userovich24,24
25,avatar_url_25,2022-08-14,email25,user25,userovich25,25
26,avatar_url_26,2022-08-14,email26,user26,userovich26,26
27,avatar_url_27,2022-08-14,email27,user27,userovich27,27
28,avatar_url_28,2022-08-14,email28,user28,userovich28,28
29,avatar_url_29,2022-08-14,email29,user29,userovich29,29
30,avatar_url_30,2022-08-14,email30,user30,userovich30,30
31,avatar_url_31,2022-08-14,email31,user31,userovich31,31
32,avatar_url_32,2022-08-14,email32,user32,userovich32,32
33,avatar_url_33,2022-08-14,email33,user33,userovich33,33
34,avatar_url_34,2022-08-14,email34,user34,userovich34,34
35,avatar_url_35,2022-08-14,email35,user35,userovich35,35
36,avatar_url_36,2022-08-14,email36,user36,userovich36,36
37,avatar_url_37,2022-08-14,email37,user37,userovich37,37
38,avatar_url_38,2022-08-14,email38,user38,userovich38,38
39,avatar_url_39,2022-08-14,email39,user39,userovich39,39
40,avatar_url_40,2022-08-14,email40,user40,userovich40,40
41,avatar_url_41,2022-08-14,email41,user41,userovich41,41
42,avatar_url_42,2022-08-14,email42,user42,userovich42,42
43,avatar_url_43,2022-08-14,email43,user43,userovich43,43
44,avatar_url_44,2022-08-14,email44,user44,userovich44,44
45,avatar_url_45,2022-08-14,email45,user45,userovich45,45
46,avatar_url_46,2022-08-14,email46,user46,userovich46,46
47,avatar_url_47,2022-08-14,email47,user47,userovich47,47
48,avatar_url_48,2022-08-14,email48,user48,userovich48,48
49,avatar_url_49,2022-08-14,email49,user49,userovich49,49
50,avatar_url_50,2022-08-14,email50,user50,userovich50,50
51,avatar_url_51,2022-08-14,email51,user51,userovich51,51
52,avatar_url_52,2022-08-14,email52,user52,userovich52,52
53,avatar_url_53,2022-08-14,email53,user53,userovich53,53
54,avatar_url_54,2022-08-14,email54,user54,userovich54,54
55,avatar_url_55,2022-08-14,email55,user55,userovich55,55
56,avatar_url_56,2022-08-14,email56,user56,userovich56,56
57,avatar_url_57,2022-08-14,email57,user57,userovich57,57
58,avatar_url_58,2022-08-14,email58,user58,userovich58,58
59,avatar_url_59,2022-08-14,email59,user59,userovich59,59
60,avatar_url_60,2022-08-14,email60,user60,userovich60,60
61,avatar_url_61,2022-08-14,email61,user61,userovich61,61
62,avatar_url_62,2022-08-14,email62,user62,userovich62,62
63,avatar_url_63,2022-08-14,email63,user63,userovich63,63
64,avatar_url_64,2022-08-14,email64,user64,userovich64,64
65,avatar_url_65,2022-08-14,email65,user65,userovich65,65
66,avatar_url_66,2022-08-14,email66,user66,userovich66,66
67,avatar_url_67,2022-08-14,email67,user67,userovich67,67
68,avatar_url_68,2022-08-14,email68,user68,userovich68,68
69,avatar_url_69,2022-08-14,email69,user69,userovich69,69
70,avatar_url_70,2022-08-14,email70,user70,userovich70,70
71,avatar_url_71,2022-08-14,email71,user71,userovich71,71
72,avatar_url_72,2022-08-14,email72,user72,userovich72,72
73,avatar_url_73,2022-08-14,email73,user73,userovich73,73
74,avatar_url_74,2022-08-14,email74,user74,userovich74,74
75,avatar_url_75,2022-08-14,email75,user75,userovich75,75
76,avatar_url_76,2022-08-14,email76,user76,userovich76,76
77,avatar_url_77,2022-08-14,email77,user77,userovich77,77
78,avatar_url_78,2022-08-14,email78,user78,userovich78,78
79,avatar_url_79,2022-08-14,email79,user79,userovich79,79
80,avatar_url_80,2022-08-14,email80,user80,userovich80,80
81,avatar_url_81,2022-08-14,email81,user81,userovich81,81
82,avatar_url_82,2022-08-14,email82,user82,userovich82,82
83,avatar_url_83,2022-08-14,email83,user83,userovich83,83
84,avatar_url_84,2022-08-14,email84,user84,userovich84,84
85,avatar_url_85,2022-08-14,email85,user85,userovich85,85
86,avatar_url_86,2022-08-14,email86,user86,userovich86,86
87,avatar_url_87,2022-08-14,email87,user87,userovich87,87
88,avatar_url_88,2022-08-14,email88,user88,userovich88,88
89,avatar_url_89,2022-08-14,email89,user89,userovich89,89
90,avatar_url_90,2022-08-14,email90,user90,userovich90,90
91,avatar_url_91,2022-08-14,email91,admin91,adminovich91,91
92,avatar_url_92,2022-08-14,email92,admin92,adminovich92,92
93,avatar_url_93,2022-08-14,email93,admin93,adminovich93,93
94,avatar_url_94,2022-08-14,email94,admin94,adminovich94,94
95,avatar_url_95,2022-08-14,email95,admin95,adminovich95,95
96,avatar_url_96,2022-08-14,email96,publicist96,publicistovich96,96
97,avatar_url_97,2022-08-14,email97,publicist97,publicistovich97,97
98,avatar_url_98,2022-08-14,email98,publicist98,publicistovich98,98
99,avatar_url_99,2022-08-14,email99,publicist99,publicistovich99,99
100,avatar_url_100,2022-08-14,email100,publicist100,publicistovich100,100
